CI Name+,ShortName,In Rsyslog?,CI Name+ - Product Name+ (System),CI Name+ - Product Name+ (System) (ref) - BU - Org View (FY14),CI Name+ - Prod or Pre-prod,CI Name+ - Datacenter,CI Name+ - OS
pppdeacap400.corp.intuit.net,pppdeacap400,no,Enterprise Access Control System (EACS),Finance - Operations and Workplace (Fin - Ops & WPS),Pre-Prod,LVDC-A,Microsoft Windows Server 2012 R2 Standard x64  Build 9600 (05-21-2015)
PPRFPTXAS400.corp.intuit.net,PPRFPTXAS400,no,Plano Tax Exchange (PTX),PTG,Pre-Prod,LVDC-A,Microsoft Windows Server 2008 R2 Enterprise  x64 Service Pack 1 Build 7601 (12-12-2014)
PPRFPTXAS401.corp.intuit.net,PPRFPTXAS401,no,Plano Tax Exchange (PTX),PTG,Pre-Prod,LVDC-A,Microsoft Windows Server 2008 R2 Enterprise  x64 Service Pack 1 Build 7601 (12-12-2014)
PPRFPTXAS402.corp.intuit.net,PPRFPTXAS402,no,Plano Tax Exchange (PTX),PTG,Pre-Prod,LVDC-A,Microsoft Windows Server 2008 R2 Enterprise  x64 Service Pack 1 Build 7601 (12-12-2014)
PPRFPTXAS403.corp.intuit.net,PPRFPTXAS403,no,Plano Tax Exchange (PTX),PTG,Pre-Prod,LVDC-A,Microsoft Windows Server 2008 R2 Enterprise  x64 Service Pack 1 Build 7601 (12-12-2014)
PPRFPTXDB400.corp.intuit.net,PPRFPTXDB400,no,Plano Tax Exchange (PTX),PTG,Pre-Prod,LVDC-A,Microsoft Windows Server 2008 R2 Enterprise  x64 Service Pack 1 Build 7601 (12-12-2014)
pstgippap400.ie.intuit.net,pstgippap400,no,Intuit Developer Group (IDG),SBG - Intuit Developer Group,Pre-Prod,LVDC-A,Microsoft Windows Server 2012 R2 Standard x64  Build 9600 (04-28-2015)
pstgippap401.ie.intuit.net,pstgippap401,no,Intuit Developer Group (IDG),SBG - Intuit Developer Group,Pre-Prod,LVDC-A,Microsoft Windows Server 2012 R2 Standard x64  Build 9600 (04-28-2015)
pstgippap402.ie.intuit.net,pstgippap402,no,Intuit Developer Group (IDG),SBG - Intuit Developer Group,Pre-Prod,LVDC-A,Microsoft Windows Server 2012 R2 Standard x64  Build 9600 (04-28-2015)
pstgippap403.ie.intuit.net,pstgippap403,no,Intuit Developer Group (IDG),SBG - Intuit Developer Group,Pre-Prod,LVDC-A,Microsoft Windows Server 2012 R2 Standard x64  Build 9600 (04-28-2015)
PSTGIPPDB400.ie.intuit.net,PSTGIPPDB400,no,Intuit Developer Group (IDG),SBG - Intuit Developer Group,Pre-Prod,LVDC-A,Microsoft Windows Server 2008 R2 Enterprise  x64 Service Pack 1 Build 7601 (09-25-2014)
pstgippws402.ie.intuit.net,pstgippws402,no,Intuit Developer Group (IDG),SBG - Intuit Developer Group,Pre-Prod,LVDC-A,Microsoft Windows Server 2012 R2 Standard x64  Build 9600 (04-27-2015)
pstgippws403.ie.intuit.net,pstgippws403,no,Intuit Developer Group (IDG),SBG - Intuit Developer Group,Pre-Prod,LVDC-A,Microsoft Windows Server 2012 R2 Standard x64  Build 9600 (04-27-2015)
pstgippws404.ie.intuit.net,pstgippws404,no,Intuit Developer Group (IDG),SBG - Intuit Developer Group,Pre-Prod,LVDC-A,Microsoft Windows Server 2012 R2 Standard x64  Build 9600 (04-27-2015)
PE2EIDEAB400.corp.intuit.net,PE2EIDEAB400,no,CTO Data Extraction Service (DES),Tech - CTO,Pre-Prod,LVDC-A,Microsoft Windows Server 2008 R2 Enterprise  x64 Service Pack 1 Build 7601 (08-08-2013)
PE2EIDEAB401.corp.intuit.net,PE2EIDEAB401,no,CTO Data Extraction Service (DES),Tech - CTO,Pre-Prod,LVDC-A,Microsoft Windows Server 2008 R2 Enterprise  x64 Service Pack 1 Build 7601 (08-08-2013)
PPRFIDEAB400.corp.intuit.net,PPRFIDEAB400,no,CTO Data Extraction Service (DES),Tech - CTO,Pre-Prod,LVDC-A,Microsoft Windows Server 2008 R2 Enterprise  x64 Service Pack 1 Build 7601 (08-26-2013)
PPRFIDEAB401.corp.intuit.net,PPRFIDEAB401,no,CTO Data Extraction Service (DES),Tech - CTO,Pre-Prod,LVDC-A,Microsoft Windows Server 2008 R2 Enterprise  x64 Service Pack 1 Build 7601 (08-26-2013)
PPRFIDEAB402.corp.intuit.net,PPRFIDEAB402,no,CTO Data Extraction Service (DES),Tech - CTO,Pre-Prod,LVDC-A,Microsoft Windows Server 2008 R2 Enterprise  x64 Service Pack 1 Build 7601 (08-26-2013)
PPRFIDEAB403.corp.intuit.net,PPRFIDEAB403,no,CTO Data Extraction Service (DES),Tech - CTO,Pre-Prod,LVDC-A,Microsoft Windows Server 2008 R2 Enterprise  x64 Service Pack 1 Build 7601 (08-26-2013)
PPRFIDEAB405.corp.intuit.net,PPRFIDEAB405,no,CTO Data Extraction Service (DES),Tech - CTO,Pre-Prod,LVDC-A,Microsoft Windows Server 2008 R2 Enterprise  x64 Service Pack 1 Build 7601 (08-26-2013)
PPRFIDEAB406.corp.intuit.net,PPRFIDEAB406,no,CTO Data Extraction Service (DES),Tech - CTO,Pre-Prod,LVDC-A,Microsoft Windows Server 2008 R2 Enterprise  x64 Service Pack 1 Build 7601 (08-26-2013)
PPRFIDEAB407.corp.intuit.net,PPRFIDEAB407,no,CTO Data Extraction Service (DES),Tech - CTO,Pre-Prod,LVDC-A,Microsoft Windows Server 2008 R2 Enterprise  x64 Service Pack 1 Build 7601 (08-26-2013)
PPRFIDEAN400.corp.intuit.net,PPRFIDEAN400,no,CTO Data Extraction Service (DES),Tech - CTO,Pre-Prod,LVDC-A,Microsoft Windows Server 2008 R2 Enterprise  x64 Service Pack 1 Build 7601 (05-19-2014)
PPRFIDECP400.corp.intuit.net,PPRFIDECP400,no,CTO Data Extraction Service (DES),Tech - CTO,Pre-Prod,LVDC-A,Microsoft Windows Server 2008 R2 Enterprise  x64 Service Pack 1 Build 7601 (04-29-2015)
PPRFIDECP401.corp.intuit.net,PPRFIDECP401,no,CTO Data Extraction Service (DES),Tech - CTO,Pre-Prod,LVDC-A,Microsoft Windows Server 2008 R2 Enterprise  x64 Service Pack 1 Build 7601 (04-29-2015)
PPRFIDECP402.corp.intuit.net,PPRFIDECP402,no,CTO Data Extraction Service (DES),Tech - CTO,Pre-Prod,LVDC-A,Microsoft Windows Server 2008 R2 Enterprise  x64 Service Pack 1 Build 7601 (04-29-2015)
PPRFIDECP403.corp.intuit.net,PPRFIDECP403,no,CTO Data Extraction Service (DES),Tech - CTO,Pre-Prod,LVDC-A,Microsoft Windows Server 2008 R2 Enterprise  x64 Service Pack 1 Build 7601 (04-29-2015)
PPRFIDECP404.corp.intuit.net,PPRFIDECP404,no,CTO Data Extraction Service (DES),Tech - CTO,Pre-Prod,LVDC-A,Microsoft Windows Server 2008 R2 Enterprise  x64 Service Pack 1 Build 7601 (04-29-2015)
pprfsstspis403.ie.intuit.net,pprfsstspis403,no,IDFederation,Tech - CTO,Pre-Prod,LVDC-A,Microsoft Windows Server 2008 R2 Enterprise  x64  Build 7600 (03-10-2011)
PPRFUNIAP400.corp.intuit.net,PPRFUNIAP400,no,Product Registration (UniReg),Tech - CTO,Pre-Prod,LVDC-A,Microsoft Windows Server 2008 R2 Enterprise  x64 Service Pack 1 Build 7601 (06-24-2015)
PPRFUNIAP401.corp.intuit.net,PPRFUNIAP401,no,Product Registration (UniReg),Tech - CTO,Pre-Prod,LVDC-A,Microsoft Windows Server 2008 R2 Enterprise  x64 Service Pack 1 Build 7601 (06-24-2015)
PPRFUNIAP402.corp.intuit.net,PPRFUNIAP402,no,Product Registration (UniReg),Tech - CTO,Pre-Prod,LVDC-A,Microsoft Windows Server 2008 R2 Enterprise  x64 Service Pack 1 Build 7601 (06-24-2015)
PPRFUNIAP403.corp.intuit.net,PPRFUNIAP403,no,Product Registration (UniReg),Tech - CTO,Pre-Prod,LVDC-A,Microsoft Windows Server 2008 R2 Enterprise  x64 Service Pack 1 Build 7601 (06-24-2015)
PPRFUNIDB400.corp.intuit.net,PPRFUNIDB400,no,Product Registration (UniReg),Tech - CTO,Pre-Prod,LVDC-A,Microsoft Windows Server 2008 R2 Enterprise  x64 Service Pack 1 Build 7601 (06-24-2015)
PPRFUNIDB401.corp.intuit.net,PPRFUNIDB401,no,Product Registration (UniReg),Tech - CTO,Pre-Prod,LVDC-A,Microsoft Windows Server 2008 R2 Enterprise  x64 Service Pack 1 Build 7601 (06-24-2015)
PPRFUNIDS400.corp.intuit.net,PPRFUNIDS400,no,Product Registration (UniReg),Tech - CTO,Pre-Prod,LVDC-A,Microsoft Windows Server 2008 R2 Enterprise  x64 Service Pack 1 Build 7601 (07-29-2015)
PPRFUNIWS400.ie.intuit.net,PPRFUNIWS400,no,Product Registration (UniReg),Tech - CTO,Pre-Prod,LVDC-A,Microsoft Windows Server 2008 R2 Enterprise  x64 Service Pack 1 Build 7601 (07-06-2015)
PPRFUNIWS401.ie.intuit.net,PPRFUNIWS401,no,Product Registration (UniReg),Tech - CTO,Pre-Prod,LVDC-A,Microsoft Windows Server 2008 R2 Enterprise  x64 Service Pack 1 Build 7601 (06-24-2015)
PPRFUNIWS402.ie.intuit.net,PPRFUNIWS402,no,Product Registration (UniReg),Tech - CTO,Pre-Prod,LVDC-A,Microsoft Windows Server 2008 R2 Enterprise  x64 Service Pack 1 Build 7601 (06-24-2015)
PPRFUNIWS403.ie.intuit.net,PPRFUNIWS403,no,Product Registration (UniReg),Tech - CTO,Pre-Prod,LVDC-A,Microsoft Windows Server 2008 R2 Enterprise  x64 Service Pack 1 Build 7601 (06-25-2015)
pppdbrdap400.ie.intuit.net,pppdbrdap400,no,FDS Branding,Tech - CTO - FDS,Pre-Prod,LVDC-A,Microsoft Windows Server 2012 Standard x64  Build 9200 (07-12-2014)
pppdbrdap401.ie.intuit.net,pppdbrdap401,no,FDS Branding,Tech - CTO - FDS,Pre-Prod,LVDC-A,Microsoft Windows Server 2012 Standard x64  Build 9200 (07-12-2014)
pppdbrddb400.ie.intuit.net,pppdbrddb400,no,FDS Branding,Tech - CTO - FDS,Pre-Prod,LVDC-A,Microsoft Windows Server 2012 Standard x64  Build 9200 (07-12-2014)
pppdbrddb401.ie.intuit.net,pppdbrddb401,no,FDS Branding,Tech - CTO - FDS,Pre-Prod,LVDC-A,Microsoft Windows Server 2012 Standard x64  Build 9200 (07-12-2014)
pppdofxos400.ie.intuit.net,pppdofxos400,no,FDS Branding,Tech - CTO - FDS,Pre-Prod,LVDC-A,Microsoft Windows Server 2008 R2 Enterprise  x64 Service Pack 1 Build 7601 (11-05-2013)
pe2ecmxas400.corp.intuit.net,pe2ecmxas400,no,CTO Dev Tools Checkmarx Source Code Analysis (CMX),Tech - CTO - Tools,Pre-Prod,LVDC-A,Microsoft Windows Server 2012 R2 Standard x64  Build 9600 (05-17-2016)
pe2ecmxas401.corp.intuit.net,pe2ecmxas401,no,CTO Dev Tools Checkmarx Source Code Analysis (CMX),Tech - CTO - Tools,Pre-Prod,LVDC-A,Microsoft Windows Server 2012 R2 Standard x64  Build 9600 (05-17-2016)
pe2ecmxas402.corp.intuit.net,pe2ecmxas402,no,CTO Dev Tools Checkmarx Source Code Analysis (CMX),Tech - CTO - Tools,Pre-Prod,LVDC-A,Microsoft Windows Server 2012 R2 Standard x64  Build 9600 (05-17-2016)
pe2ecmxas403.corp.intuit.net,pe2ecmxas403,no,CTO Dev Tools Checkmarx Source Code Analysis (CMX),Tech - CTO - Tools,Pre-Prod,LVDC-A,Microsoft Windows Server 2012 R2 Standard x64  Build 9600 (05-17-2016)
pe2ecmxdb400.corp.intuit.net,pe2ecmxdb400,no,CTO Dev Tools Checkmarx Source Code Analysis (CMX),Tech - CTO - Tools,Pre-Prod,LVDC-A,Microsoft Windows Server 2012 R2 Standard x64  Build 9600 (05-17-2016)
pe2ecmxdb401.corp.intuit.net,pe2ecmxdb401,no,CTO Dev Tools Checkmarx Source Code Analysis (CMX),Tech - CTO - Tools,Pre-Prod,LVDC-A,Microsoft Windows Server 2012 R2 Standard x64  Build 9600 (05-17-2016)
pprfcmxas400.corp.intuit.net,pprfcmxas400,no,CTO Dev Tools Checkmarx Source Code Analysis (CMX),Tech - CTO - Tools,Pre-Prod,LVDC-A,Microsoft Windows Server 2012 R2 Standard x64  Build 9600 (08-17-2015)
pprfcmxas401.corp.intuit.net,pprfcmxas401,no,CTO Dev Tools Checkmarx Source Code Analysis (CMX),Tech - CTO - Tools,Pre-Prod,LVDC-A,Microsoft Windows Server 2012 R2 Standard x64  Build 9600 (08-17-2015)
pprfcmxas402.corp.intuit.net,pprfcmxas402,no,CTO Dev Tools Checkmarx Source Code Analysis (CMX),Tech - CTO - Tools,Pre-Prod,LVDC-A,Microsoft Windows Server 2012 R2 Standard x64  Build 9600 (08-17-2015)
pprfcmxas403.corp.intuit.net,pprfcmxas403,no,CTO Dev Tools Checkmarx Source Code Analysis (CMX),Tech - CTO - Tools,Pre-Prod,LVDC-A,Microsoft Windows Server 2012 R2 Standard x64  Build 9600 (08-17-2015)
pprfcmxdb400.corp.intuit.net,pprfcmxdb400,no,CTO Dev Tools Checkmarx Source Code Analysis (CMX),Tech - CTO - Tools,Pre-Prod,LVDC-A,Microsoft Windows Server 2012 R2 Standard x64  Build 9600 (08-17-2015)
pprfcmxdb401.corp.intuit.net,pprfcmxdb401,no,CTO Dev Tools Checkmarx Source Code Analysis (CMX),Tech - CTO - Tools,Pre-Prod,LVDC-A,Microsoft Windows Server 2012 R2 Standard x64  Build 9600 (08-17-2015)
pppdersas406.ie.intuit.net,pppdersas406,no,Entitlement Reference System (ERS),Tech - EBS,Pre-Prod,LVDC-A,Microsoft Windows Server 2008 R2 Enterprise  x64 Service Pack 1 Build 7601 (11-03-2011)
pppdersas407.ie.intuit.net,pppdersas407,no,Entitlement Reference System (ERS),Tech - EBS,Pre-Prod,LVDC-A,Microsoft Windows Server 2008 R2 Enterprise  x64 Service Pack 1 Build 7601 (11-03-2011)
pppdersdb406.corp.intuit.net,pppdersdb406,no,Entitlement Reference System (ERS),Tech - EBS,Pre-Prod,LVDC-A,Microsoft Windows Server 2008 R2 Enterprise  x64 Service Pack 1 Build 7601 (11-03-2011)
pppdersdb407.corp.intuit.net,pppdersdb407,no,Entitlement Reference System (ERS),Tech - EBS,Pre-Prod,LVDC-A,Microsoft Windows Server 2008 R2 Enterprise  x64 Service Pack 1 Build 7601 (11-03-2011)
PPRFESTAS400.ie.intuit.net,PPRFESTAS400,no,eStore 9.2,Tech - EBS,Pre-Prod,LVDC-A,Microsoft Windows Server 2008 R2 Standard  x64 Service Pack 1 Build 7601 (09-24-2012)
pprfestdb400.corp.intuit.net,pprfestdb400,no,eStore 9.2,Tech - EBS,Pre-Prod,LVDC-A,Microsoft Windows Server 2008 R2 Enterprise  x64 Service Pack 1 Build 7601 (03-12-2012)
PPRFESTOS400.ie.intuit.net,PPRFESTOS400,no,eStore 9.2,Tech - EBS,Pre-Prod,LVDC-A,Microsoft Windows Server 2008 R2 Standard  x64 Service Pack 1 Build 7601 (09-25-2012)
PPRFESTOS401.ie.intuit.net,PPRFESTOS401,no,eStore 9.2,Tech - EBS,Pre-Prod,LVDC-A,Microsoft Windows Server 2008 R2 Standard  x64 Service Pack 1 Build 7601 (09-25-2012)
PPRFESTOS402.ie.intuit.net,PPRFESTOS402,no,eStore 9.2,Tech - EBS,Pre-Prod,LVDC-A,Microsoft Windows Server 2008 R2 Standard  x64 Service Pack 1 Build 7601 (09-25-2012)
pprfincos401.corp.intuit.net,pprfincos401,no,Insight,Tech - EBS,Pre-Prod,LVDC-A,Microsoft Windows Server 2012 R2 Standard x64  Build 9600 (11-29-2015)
pstgincap400.corp.intuit.net,pstgincap400,no,Insight,Tech - EBS,Pre-Prod,LVDC-A,Microsoft Windows Server 2012 R2 Standard x64  Build 9600 (12-03-2015)
pstgincap401.corp.intuit.net,pstgincap401,no,Insight,Tech - EBS,Pre-Prod,LVDC-A,Microsoft Windows Server 2012 R2 Standard x64  Build 9600 (12-03-2015)
PPRFIPGDB400.corp.intuit.net,PPRFIPGDB400,no,Intuit Gateway Services (IGS),Tech - EBS,Pre-Prod,LVDC-A,Microsoft Windows Server 2008 R2 Enterprise  x64 Service Pack 1 Build 7601 (06-06-2012)
PPRFIPGDB401.corp.intuit.net,PPRFIPGDB401,no,Intuit Gateway Services (IGS),Tech - EBS,Pre-Prod,LVDC-A,Microsoft Windows Server 2008 R2 Enterprise  x64 Service Pack 1 Build 7601 (06-06-2012)
PPRFIPGDB402.corp.intuit.net,PPRFIPGDB402,no,Intuit Gateway Services (IGS),Tech - EBS,Pre-Prod,LVDC-A,Microsoft Windows Server 2008 R2 Enterprise  x64 Service Pack 1 Build 7601 (06-06-2012)
PPRFIPGDB403.corp.intuit.net,PPRFIPGDB403,no,Intuit Gateway Services (IGS),Tech - EBS,Pre-Prod,LVDC-A,Microsoft Windows Server 2008 R2 Enterprise  x64 Service Pack 1 Build 7601 (06-06-2012)
PPRFIPGDB404.corp.intuit.net,PPRFIPGDB404,no,Intuit Gateway Services (IGS),Tech - EBS,Pre-Prod,LVDC-A,Microsoft Windows Server 2008 R2 Enterprise  x64 Service Pack 1 Build 7601 (06-06-2012)
PPRFIPGDB405.corp.intuit.net,PPRFIPGDB405,no,Intuit Gateway Services (IGS),Tech - EBS,Pre-Prod,LVDC-A,Microsoft Windows Server 2008 R2 Enterprise  x64 Service Pack 1 Build 7601 (06-06-2012)
PBLDEJKSW400.corp.intuit.net,PBLDEJKSW400,no,Jenkins - EBS,Tech - EBS,Pre-Prod,LVDC-A,Microsoft Windows Server 2008 R2 Enterprise  x64 Service Pack 1 Build 7601 (02-09-2014)
PBLDEJKSW401.corp.intuit.net,PBLDEJKSW401,no,Jenkins - EBS,Tech - EBS,Pre-Prod,LVDC-A,Microsoft Windows Server 2008 R2 Enterprise  x64 Service Pack 1 Build 7601 (02-09-2014)
psysoimas400.corp.intuit.net,psysoimas400,no,Oracle Identity Manager (OIM),Tech - EBS,Pre-Prod,LVDC-A,Microsoft Windows Server 2008 R2 Enterprise  x64 Service Pack 1 Build 7601 (07-24-2013)
psysoimas401.corp.intuit.net,psysoimas401,no,Oracle Identity Manager (OIM),Tech - EBS,Pre-Prod,LVDC-A,Microsoft Windows Server 2008 R2 Enterprise  x64 Service Pack 1 Build 7601 (07-24-2013)
lv1apcstbospt01.bosptc.intuit.net,lv1apcstbospt01,no,Active Directory,Tech - PI,Pre-Prod,LVDC-A,Microsoft Windows Server 2012 R2 Standard x64  Build 9600 (12-17-2014)
lv1apcstieptc01.ieptc.intuit.net,lv1apcstieptc01,no,Active Directory,Tech - PI,Pre-Prod,LVDC-A,Microsoft Windows Server 2012 R2 Standard x64  Build 9600 (12-16-2014)
lv1dcbosptc01.bosptc.intuit.net,lv1dcbosptc01,no,Active Directory,Tech - PI,Pre-Prod,LVDC-A,Microsoft Windows Server 2012 R2 Standard x64  Build 9600 (01-02-2015)
lv1dcbosptc02.bosptc.intuit.net,lv1dcbosptc02,no,Active Directory,Tech - PI,Pre-Prod,LVDC-A,Microsoft Windows Server 2012 R2 Standard x64  Build 9600 (12-16-2014)
lv1dcieptc01.ieptc.intuit.net,lv1dcieptc01,no,Active Directory,Tech - PI,Pre-Prod,LVDC-A,Microsoft Windows Server 2012 R2 Standard x64  Build 9600 (01-02-2015)
lv1dcieptc02.ieptc.intuit.net,lv1dcieptc02,no,Active Directory,Tech - PI,Pre-Prod,LVDC-A,Microsoft Windows Server 2012 R2 Standard x64  Build 9600 (12-12-2014)
lv1dcintuit01.intuit.net,lv1dcintuit01,no,Active Directory,Tech - PI,Pre-Prod,LVDC-A,Microsoft Windows Server 2012 R2 Standard x64  Build 9600 (01-02-2015)
lvsapcstieptc01.ieptc.intuit.net,lvsapcstieptc01,no,Active Directory,Tech - PI,Pre-Prod,LVDC-A,Microsoft Windows Server 2008 R2 Standard  x64 Service Pack 1 Build 7601 (10-24-2011)
lvsdcbosptc01.bosptc.intuit.net,lvsdcbosptc01,no,Active Directory,Tech - PI,Pre-Prod,LVDC-A,Microsoft Windows Server 2008 Standard  x64 Service Pack 2 Build 6002 (11-24-2010)
lvsdcieptc01.ieptc.intuit.net,lvsdcieptc01,no,Active Directory,Tech - PI,Pre-Prod,LVDC-A,Microsoft Windows Server 2008 Standard  x64 Service Pack 2 Build 6002 (11-24-2010)
pppdepdos401.corp.intuit.net,pppdepdos401,no,Enterprise Pre-Production Patching,Tech - PI,Pre-Prod,LVDC-A,Microsoft Windows Server 2008 R2 Enterprise  x64 Service Pack 1 Build 7601 (10-19-2011)
pppdepdos405.corp.intuit.net,pppdepdos405,no,Enterprise Pre-Production Patching,Tech - PI,Pre-Prod,LVDC-A,Microsoft Windows Server 2012 R2 Standard x64  Build 9600 (05-16-2016)
sppdsiteswa403.corp.intuit.net,sppdsiteswa403,no,Monitoring SiteScope,Tech - PI,Pre-Prod,LVDC-A,Microsoft Windows Server 2012 R2 Standard x64  Build 9600 (01-12-2015)
sppdsiteswa404.corp.intuit.net,sppdsiteswa404,no,Monitoring SiteScope,Tech - PI,Pre-Prod,LVDC-A,Microsoft Windows Server 2012 R2 Standard x64  Build 9600 (01-13-2015)
SQALSITESWA401.corp.intuit.net,SQALSITESWA401,no,Monitoring SiteScope,Tech - PI,Pre-Prod,LVDC-A,Microsoft Windows Server 2008 R2 Enterprise  x64  Build 7600 (04-14-2011)
mppdspectas001.corp.intuit.net,mppdspectas001,no,Monitoring Spectrum,Tech - PI,Pre-Prod,LVDC-A,Microsoft Windows Server 2012 R2 Standard x64  Build 9600 (11-23-2014)
mppdspectas002.corp.intuit.net,mppdspectas002,no,Monitoring Spectrum,Tech - PI,Pre-Prod,LVDC-A,Microsoft Windows Server 2012 R2 Standard x64  Build 9600 (11-23-2014)
sppdspectas900.corp.intuit.net,sppdspectas900,no,Monitoring Spectrum,Tech - PI,Pre-Prod,LVDC-A,Microsoft Windows Server 2012 R2 Standard x64  Build 9600 (05-13-2015)
sppdspectas901.corp.intuit.net,sppdspectas901,no,Monitoring Spectrum,Tech - PI,Pre-Prod,LVDC-A,Microsoft Windows Server 2012 R2 Standard x64  Build 9600 (05-13-2015)
opdssdtis402.corp.intuit.net,opdssdtis402,no,SBG Service Delivery Jumpbox,Tech - PI,Pre-Prod,LVDC-A,Microsoft Windows Server 2008 R2 Enterprise  x64 Service Pack 1 Build 7601 (08-20-2012)
PPRFSDTIS400.corp.intuit.net,PPRFSDTIS400,no,Shared Infrastructure - Platform,Tech - PI,Pre-Prod,LVDC-A,Microsoft Windows Server 2008 R2 Enterprise  x64 Service Pack 1 Build 7601 (09-07-2011)
pprfgeosq400.corp.intuit.net,pprfgeosq400,no,SQL Geo Cluster (GEO),Tech - PI,Pre-Prod,LVDC-A,Microsoft Windows Server 2012 R2 Standard x64  Build 9600 (07-13-2015)
pprfgeosq401.corp.intuit.net,pprfgeosq401,no,SQL Geo Cluster (GEO),Tech - PI,Pre-Prod,LVDC-A,Microsoft Windows Server 2012 R2 Standard x64  Build 9600 (07-24-2015)
lvsvedqa01.corp.intuit.net,lvsvedqa01,no,Venafi Encryption Director,Tech - PI,Pre-Prod,LVDC-A,Microsoft Windows Server 2008 R2 Enterprise  x64 Service Pack 1 Build 7601 (03-16-2012)
lvsvedqadb01.corp.intuit.net,lvsvedqadb01,no,Venafi Encryption Director,Tech - PI,Pre-Prod,LVDC-A,Microsoft Windows Server 2008 R2 Enterprise  x64 Service Pack 1 Build 7601 (03-16-2012)